project_code,notice_id,subject_no,contract_no,product_no,product,brand,made_in,model,quantity,unit,unit_price,subtotal,cleaned_brand
XHZFCG-2021-G-61,8450108,1,11N138138138202121004,1,激光投影机,爱普生,,CB-735F,32,,15900,508800,爱普生
XHZFCG-2021-G-61,8450108,1,11N138138138202121004,2,一体化电子白板+电脑,迈杰,,"TIWB16,09L-WP",32,,17020,544640,迈杰
LGCG2022209,8868103,1,11NMB1D8065720225405,1,86寸智慧黑板（需演示）,希沃,,BF86ED,330,,15800,5214000,希沃
LGCG2022209,8868103,1,11NMB1D8065720225405,2,视频展台,希沃,,SC03,330,,1000,330000,希沃
LGCG2022209,8868103,1,11NMB1D8065720225405,3,集中控制系统,希沃,,视睿校园设备运维管理系统V1.0,1,,3300,3300,希沃
LGCG2022209,8868103,1,11NMB1D8065720225405,4,新型教学空间服务系统接入服务,久远,,空间管理系统 V1.0,330,,1000,330000,久远
绍柯采[2022]2208号,8877233,1,11N59720273920227408,1,字帖排版系统,易文汉学,,智慧书法教学系统 V1.0,1,,2000,2000,易文汉学
绍柯采[2022]2208号,8877233,1,11N59720273920227408,2,视频教学系统,易文汉学,,智慧书法教学系统 V1.0,1,,2000,2000,易文汉学
绍柯采[2022]2208号,8877233,1,11N59720273920227408,3,书法教学直播录播系统,易文汉学,,智慧书法教学系统 V1.0,1,,2000,2000,易文汉学
绍柯采[2022]2208号,8877233,1,11N59720273920227408,4,板书示范系统,易文汉学,,智慧书法教学系统 V1.0,1,,2000,2000,易文汉学
绍柯采[2022]2208号,8877233,1,11N59720273920227408,5,碑帖查询系统,易文汉学,,智慧书法教学系统 V1.0,1,,2000,2000,易文汉学
绍柯采[2022]2208号,8877233,1,11N59720273920227408,6,课堂讲义系统,易文汉学,,智慧书法教学系统 V1.0,1,,2000,2000,易文汉学
绍柯采[2022]2208号,8877233,1,11N59720273920227408,7,书法考试系统,易文汉学,,智慧书法教学系统 V1.0,1,,2000,2000,易文汉学
绍柯采[2022]2208号,8877233,1,11N59720273920227408,8,智能点签排位系统,易文汉学,,智慧书法教学系统 V1.0,1,,2000,2000,易文汉学
绍柯采[2022]2208号,8877233,1,11N59720273920227408,9,书法文化系统,易文汉学,,智慧书法教学系统 V1.0,1,,2000,2000,易文汉学
绍柯采[2022]2208号,8877233,1,11N59720273920227408,10,书法音乐系统,易文汉学,,智慧书法教学系统 V1.0,1,,2000,2000,易文汉学
绍柯采[2022]2208号,8877233,1,11N59720273920227408,11,教学系统,易文汉学,,硬笔书法教学系统 V1.0,1,,2000,2000,易文汉学
绍柯采[2022]2208号,8877233,1,11N59720273920227408,12,云资源系统,易文汉学,,硬笔书法教学系统 V1.0,1,,2000,2000,易文汉学
绍柯采[2022]2208号,8877233,1,11N59720273920227408,13,教师账户,易文汉学,,硬笔书法教学系统 V1.0,1,,2000,2000,易文汉学
绍柯采[2022]2208号,8877233,1,11N59720273920227408,14,备课系统,易文汉学,,硬笔书法教学系统 V1.0,1,,2000,2000,易文汉学
绍柯采[2022]2208号,8877233,1,11N59720273920227408,15,互动系统,易文汉学,,硬笔书法互动系统 V1.0,46,,600,27600,易文汉学
绍柯采[2022]2208号,8877233,1,11N59720273920227408,16,测评系统,易文汉学,,硬笔书法互动系统 V1.0,46,,500,23000,易文汉学
绍柯采[2022]2208号,8877233,1,11N59720273920227408,17,教室中控桌,易文汉学,,EVSF-LSZSM180,1,,4050,4050,易文汉学
绍柯采[2022]2208号,8877233,1,11N59720273920227408,18,书法演示仪,易文汉学,,EVSF-LSYSY2S,1,,4500,4500,易文汉学
绍柯采[2022]2208号,8877233,1,11N59720273920227408,19,书法专用手写屏,易文汉学,,EVSF-LSHD2100,1,,7000,7000,易文汉学
绍柯采[2022]2208号,8877233,1,11N59720273920227408,20,教师硬笔书写终端,易文汉学,,EVSF-ADP701H,1,,1450,1450,易文汉学
绍柯采[2022]2208号,8877233,1,11N59720273920227408,21,学生书法临摹桌,易文汉学,,EVSF-XSZSM140,23,,3000,69000,易文汉学
绍柯采[2022]2208号,8877233,1,11N59720273920227408,22,书法抓用临摹终端,易文汉学,,EVSF-XSYJP2100,46,,4000,184000,易文汉学
绍柯采[2022]2208号,8877233,1,11N59720273920227408,23,学生硬笔书写终端,易文汉学,,EVSF-XSADP701D,46,,1350,62100,易文汉学
绍柯采[2022]2208号,8877233,1,11N59720273920227408,24,高清网络推送系统,易文汉学,,EVSF-WLCSHD18,1,,16000,16000,易文汉学
绍柯采[2022]2208号,8877233,1,11N59720273920227408,25,课堂交互装置,易文汉学,,EVSF-CSAP64A,1,,7000,7000,易文汉学
绍柯采[2022]2208号,8877233,1,11N59720273920227408,26,书法资源存储服务器,易文汉学,,定制,1,,7000,7000,易文汉学
绍柯采[2022]2208号,8877233,1,11N59720273920227408,27,硬笔书写终端充电收纳设备,定制,定制,EVSF-YBCDP10A,1,,6000,6000,
绍柯采[2022]2208号,8877233,1,11N59720273920227408,28,教师文房四宝,定制,定制,定制,1,,795,795,
绍柯采[2022]2208号,8877233,1,11N59720273920227408,29,学生笔山,定制,定制,定制,23,,50,1150,
绍柯采[2022]2208号,8877233,1,11N59720273920227408,30,砚台,定制,定制,定制,23,,65,1495,
绍柯采[2022]2208号,8877233,1,11N59720273920227408,31,学生镇尺,定制,定制,定制,46,,50,2300,
绍柯采[2022]2208号,8877233,1,11N59720273920227408,32,学生毛笔,定制,定制,定制,46,,40,1840,
绍柯采[2022]2208号,8877233,1,11N59720273920227408,33,临摹专用纸,定制,定制,定制,12,,50,600,
绍柯采[2022]2208号,8877233,1,11N59720273920227408,34,智慧黑板,希沃,,BV86EE,1,,28000,28000,希沃
绍柯采[2022]2208号,8877233,1,11N59720273920227408,35,系统集成,,,定制,46,,350,16100,
CAZFCGGK2022-17号,8880613,1,11N00251214920225009,1,智慧黑板,鸿合,,,69,,,1013610,鸿合
CAZFCGGK2022-17号,8880613,1,11N00251214920225009,2,高清展台,鸿合,,,69,,,1725,鸿合
CAZFCGGK2022-17号,8880613,1,11N00251214920225009,3,智能笔,鸿合,,,69,,,345,鸿合
CAZFCGGK2022-17号,8880613,1,11N00251214920225009,4,校园设备运维管理系统,鸿合,,,69,,,69,鸿合
CAZFCGGK2022-17号,8880613,1,11N00251214920225009,5,附件及系统集成,鸿合,,,69,,,690,鸿合
CAZFCGGK2022-17号,8880613,1,11N00251214920225009,6,会议平板一体机,鸿合,,,69,,,16000,鸿合
BSZB2022-AZZG072,8755801,1,11N47004026920225401,1,Lora分体空调执行器,希沃,,DV44LVREA.A,38,台,600,22800,希沃
BSZB2022-AZZG072,8755801,1,11N47004026920225401,2,Lora智能开关面板-3 键,希沃,,WS503-33W,19,台,600,11400,希沃
BSZB2022-AZZG072,8755801,1,11N47004026920225401,3,Lora智能开关面板-1 键,希沃,,WS501-3WW,19,台,600,11400,希沃
BSZB2022-AZZG072,8755801,1,11N47004026920225401,4,Lora室内型网关,希沃,,UG65-470M-EA,10,台,3900,39000,希沃
BSZB2022-AZZG072,8755801,1,11N47004026920225401,5,环境控制器,希沃,,ME54LD REV. A,19,台,1400,26600,希沃
BSZB2022-AZZG072,8755801,1,11N47004026920225401,6,智能呼叫,希沃,,ST10,19,套,500,9500,希沃
BSZB2022-AZZG072,8755801,1,11N47004026920225401,7,电波钟,宏创,,BG226-WIFI,19,套,500,9500,宏创
BSZB2022-AZZG072,8755801,1,11N47004026920225401,8,附件及施工,西旭,,定制,19,台,1000,19000,西旭
BSZB2022-AZZG072,8755801,1,11N47004026920225401,9,98寸智慧黑板,希沃,,BV98EV,19,套,59500,113050,希沃
BSZB2022-AZZG072,8755801,1,11N47004026920225401,10,OPS 电脑,希沃,,MT61H,19,套,4500,85500,希沃
BSZB2022-AZZG072,8755801,1,11N47004026920225401,11,70寸折叠电视机,长虹,,75J5500UH,38,套,11700,444600,长虹
BSZB2022-AZZG072,8755801,1,11N47004026920225401,12,指控讲台,希沃,,ST03,19,台,8500,161500,希沃
BSZB2022-AZZG072,8755801,1,11N47004026920225401,13,无线键鼠,雷柏,,X220T,19,套,180,3420,雷柏
BSZB2022-AZZG072,8755801,1,11N47004026920225401,14,移动授课终端,希沃,,SD02,19,台,1900,36100,希沃
BSZB2022-AZZG072,8755801,1,11N47004026920225401,15,无线投屏器,希沃,,SM01,19,套,2000,38000,希沃
BSZB2022-AZZG072,8755801,1,11N47004026920225401,16,附件、系统集成,西旭,,定制,19,套,2000,38000,西旭
BSZB2022-AZZG072,8755801,1,11N47004026920225401,17,有源音箱,希沃,,SS20B,19,套,1800,34200,希沃
BSZB2022-AZZG072,8755801,1,11N47004026920225401,18,无线耳麦,希沃,,MC02,19,套,1500,28500,希沃
BSZB2022-AZZG072,8755801,1,11N47004026920225401,19,手持麦,希沃,,MC03,19,套,1000,19000,希沃
BSZB2022-AZZG072,8755801,1,11N47004026920225401,20,附件、系统集成,西旭,,定制,19,套,500,9500,西旭
BSZB2022-AZZG072,8755801,1,11N47004026920225401,21,网络化室内音箱,ANE,,PA-9031,19,只,1200,22800,ANE音桥
BSZB2022-AZZG072,8755801,1,11N47004026920225401,22,广播布线,西旭,,定制,1,项,10000,10000,西旭
BSZB2022-AZZG072,8755801,1,11N47004026920225401,23,48 口交换机,锐捷,,RG-S2910V2-48GT4SFP-L,2,台,6000,12000,锐捷
BSZB2022-AZZG072,8755801,1,11N47004026920225401,24,42U 机柜,图腾,,42U,2,个,2950,5900,图腾
BSZB2022-AZZG072,8755801,1,11N47004026920225401,25,无线信息点,西旭,,定制,38,个,400,15200,西旭
BSZB2022-AZZG072,8755801,1,11N47004026920225401,26,有线信息点,西旭,,定制,57,个,350,19950,西旭
BSZB2022-AZZG072,8755801,1,11N47004026920225401,27,桥架,西旭,,定制,450,米,80,36000,西旭
BSZB2022-AZZG072,8755801,1,11N47004026920225401,28,5P 空调,奥克斯,,KFR-120QW/BPR3YCS(B2),38,套,10000,380000,奥克斯
BSZB2022-AZZG072,8755801,1,11N47004026920225401,29,铜管及施工,国产,国产,定制,38,套,2000,76000,
BSZB2022-AZZG072,8755801,1,11N47004026920225401,30,桌椅,金晖吉,,定制,3040,套,600,1824000,金晖吉
BSZB2022-AZZG072,8755801,1,11N47004026920225401,31,物联教室管理软件对接,希沃,,物联校园软件,1,套,4000,4000,希沃
BSZB2022-AZZG072,8755801,1,11N47004026920225401,32,班牌系统软件对接,希沃,,云班软件,1,套,4000,4000,希沃
BSZB2022-AZZG072,8755801,1,11N47004026920225401,33,教室录播综合管理软件对接,希沃,,录播平台,1,套,4000,4000,希沃
BSZB2022-AZZG072,8755801,1,11N47004026920225401,34,智慧魔方校园大平台对接,希沃,,魔方,1,套,1000,1000,希沃
BSZB2022-AZZG072,8755801,1,11N47004026920225401,35,校园集控管理平台对接,希沃,,集控管理平台,1,套,1600,1600,希沃
JHCG2022G-025,8815029,1,11N138138138202121004,1,智能控制中心主机,锐捷,,RG-SCC1000,48,个,3700,177600,锐捷
JHCG2022G-025,8815029,1,11N138138138202121004,2,智能互动模块,锐捷,,RG-SCC1000-SIM,48,个,3800,182400,锐捷
JHCG2022G-025,8815029,1,11N138138138202121004,3,控制器,锐捷,,RG-TPad100,48,个,3400,163200,锐捷
JHCG2022G-025,8815029,1,11N138138138202121004,4,交换机,锐捷,,RG-SF2900-8GT2SFP-P-S,48,台,1700,81600,锐捷
JHCG2022G-025,8815029,1,11N138138138202121004,5,立式机柜,定制,定制,定制,48,个,980,47040,
JHCG2022G-025,8815029,1,11N138138138202121004,6,教学智能屏,锐捷,,RG-IIB-CF8600H,48,块,17500,840000,锐捷
JHCG2022G-025,8815029,1,11N138138138202121004,7,OPS,锐捷,,RG-OPS-X512,48,个,4000,192000,锐捷
JHCG2022G-025,8815029,1,11N138138138202121004,8,教学智能侧屏,锐捷,,RG-IIB-K55H,192,块,5800,1113600,锐捷
JHCG2022G-025,8815029,1,11N138138138202121004,9,智慧分屏研讨主机,锐捷,,RG-ShareBox100,192,个,10760,2065920,锐捷
JHCG2022G-025,8815029,1,11N138138138202121004,10,智能多合一网关,信锐,,SI-ZGW-M2,48,个,2500,120000,信锐
JHCG2022G-025,8815029,1,11N138138138202121004,11,温湿度控制器,信锐,,WS-TH-01-L,48,个,500,24000,信锐
JHCG2022G-025,8815029,1,11N138138138202121004,12,空调控制红外网关,信锐,,SI-IRC-M2-Z,48,个,500,24000,信锐
JHCG2022G-025,8815029,1,11N138138138202121004,13,人体红外感应器,信锐,,SI-LMD-Z,48,个,500,24000,信锐
JHCG2022G-025,8815029,1,11N138138138202121004,14,物联网智能空开控制器,曼顿,,定制,216,个,400,86400,曼顿
JHCG2022G-025,8815029,1,11N138138138202121004,15,物联网电源,信锐,,SI-MCB-ACC-PWR-25,48,个,300,14400,信锐
JHCG2022G-025,8815029,1,11N138138138202121004,16,lora 通讯模组,信锐,,SI-EWA-MCBC-M0-L,48,个,1560,74880,信锐
JHCG2022G-025,8815029,1,11N138138138202121004,17,物联网控制平台（软件版）,信锐,,vSIC-1400-IS,1,个,85000,85000,信锐
JHCG2022G-025,8815029,1,11N138138138202121004,18,开放式支架,国产,国产,定制,192,个,400,76800,
JHCG2022G-025,8815029,1,11N138138138202121004,19,物联网设备授权,信锐,,配套,486,个,130,63180,信锐
JHCG2022G-025,8815029,1,11N138138138202121004,20,智慧教室系统集成费用,国产,国产,定制,48,间,1540,73920,
JHCG2022G-025,8815029,2,11N47154327120226604,1,智能控制中心主机,锐捷,,RG-SCC1000,25,台,3800,95000,锐捷
JHCG2022G-025,8815029,2,11N47154327120226604,2,智能互动版块,锐捷,,RG-SCC1000-SIM,25,台,4000,100000,锐捷
JHCG2022G-025,8815029,2,11N47154327120226604,3,控制平板,锐捷,,RG-TPad100,25,台,3000,75000,锐捷
JHCG2022G-025,8815029,2,11N47154327120226604,4,主屏交互系统,爱普生,,CB-735Fi（套装）,25,套,28000,700000,爱普生
JHCG2022G-025,8815029,2,11N47154327120226604,5,可视对讲系统,升维,,T517X,25,套,5000,125000,升维
JHCG2022G-025,8815029,2,11N47154327120226604,6,多媒体工作站,惠普,,Z1 G6,25,套,8000,200000,惠普
JHCG2022G-025,8815029,2,11N47154327120226604,7,电子班牌,致善,,ZSBP215II HT005,25,台,3700,92500,致善
JHCG2022G-025,8815029,2,11N47154327120226604,8,物联网关,信锐,,SI-ZGW-M2,25,套,3200,80000,信锐
JHCG2022G-025,8815029,2,11N47154327120226604,9,多媒体红外网关,信锐,,SI-IRC-M2-Z,25,套,960,24000,信锐
JHCG2022G-025,8815029,2,11N47154327120226604,10,智能用电模块,信锐,,SSO-101A-L,25,套,5000,125000,信锐
JHCG2022G-025,8815029,2,11N47154327120226604,11,红外人体感应器,信锐,,SI-LMD-Z,25,套,600,15000,信锐
JHCG2022G-025,8815029,2,11N47154327120226604,12,交互情景面板,信锐,,SI-PAD-HMI-5,25,个,3500,87500,信锐
JHCG2022G-025,8815029,2,11N47154327120226604,13,温湿度光照度传感器,信锐,,SI-MA-TH-M2-Z,25,个,600,15000,信锐
JHCG2022G-025,8815029,2,11N47154327120226604,14,空气质量传感器,信锐,,SI-ENV-M6-Z,25,个,2800,70000,信锐
JHCG2022G-025,8815029,2,11N47154327120226604,15,烟雾火灾探测器,信锐,,JTY-GD-T12,25,个,1200,30000,信锐
JHCG2022G-025,8815029,2,11N47154327120226604,16,环境数据采集器,信锐,,SH-1000-GL,25,个,2200,55000,信锐
JHCG2022G-025,8815029,2,11N47154327120226604,17,主屏交互系统,爱普生,,CB-1485Fi（套装）,2,套,33000,66000,爱普生
JHCG2022G-025,8815029,2,11N47154327120226604,18,双屏切换控制主机,快捷,,NET-4000,1,套,13500,13500,快捷
JHCG2022G-025,8815029,2,11N47154327120226604,19,双屏切换控制屏,快捷,,CR-GH8LD,1,套,2500,2500,快捷
JHCG2022G-025,8815029,2,11N47154327120226604,20,无线音视频传输服务器,silex,,SX-ND-4350WAN plus,1,套,3000,3000,silex
JHCG2022G-025,8815029,2,11N47154327120226604,21,电视机,小米,,EA65,4,台,2700,10800,小米
JHCG2022G-025,8815029,2,11N47154327120226604,22,可视对讲系统,升维,,T517X,1,套,5000,5000,升维
JHCG2022G-025,8815029,2,11N47154327120226604,23,多媒体工作站,惠普,,Z1 G6,1,套,8000,8000,惠普
JHCG2022G-025,8815029,2,11N47154327120226604,24,电子班牌,致善,,ZSBP215II HT005,1,台,4500,4500,致善
JHCG2022G-025,8815029,2,11N47154327120226604,25,物联网关,信锐,,SI-ZGW-M2,1,套,3200,3200,信锐
JHCG2022G-025,8815029,2,11N47154327120226604,26,多媒体红外网关,信锐,,SI-IRC-M2-Z,1,套,960,960,信锐
JHCG2022G-025,8815029,2,11N47154327120226604,27,智能照明模组,信锐,,SI-EWA-SW-T3-N-L,1,套,1200,1200,信锐
JHCG2022G-025,8815029,2,11N47154327120226604,28,智能用电模块,信锐,,SSO-101A-L,1,套,5000,5000,信锐
JHCG2022G-025,8815029,2,11N47154327120226604,29,红外人体感应器,信锐,,SI-LMD-Z,1,套,600,600,信锐
JHCG2022G-025,8815029,2,11N47154327120226604,30,交互情景面板,信锐,,SI-PAD-HMI-5,1,个,3500,3500,信锐
JHCG2022G-025,8815029,2,11N47154327120226604,31,温湿度光照度传感器,信锐,,SI-MA-TH-M2-Z,1,个,600,600,信锐
JHCG2022G-025,8815029,2,11N47154327120226604,32,空气质量传感器,信锐,,SI-ENV-M6-Z,1,个,2800,2800,信锐
JHCG2022G-025,8815029,2,11N47154327120226604,33,烟雾火灾探测器,信锐,,JTY-GD-T12,1,个,1200,1200,信锐
JHCG2022G-025,8815029,2,11N47154327120226604,34,环境数据采集器,信锐,,SH-1000-GL,1,个,2200,2200,信锐
JHCG2022G-025,8815029,2,11N47154327120226604,35,智慧微课 PC 客户端软件与云服务,科大讯飞,,讯飞畅言智慧微课软件V1.0,1,套,12800,12800,科大讯飞
JHCG2022G-025,8815029,2,11N47154327120226604,36,智能控制中心主机,升维,,T518X,5,台,3800,19000,升维
JHCG2022G-025,8815029,2,11N47154327120226604,37,智能互动模块,升维,,配套,5,台,4000,20000,升维
JHCG2022G-025,8815029,2,11N47154327120226604,38,控制面板,升维,,BM21,5,台,3000,15000,升维
JHCG2022G-025,8815029,2,11N47154327120226604,39,小组显示屏,海康,,DS-D5155TL/P,30,台,6500,195000,海康
JHCG2022G-025,8815029,2,11N47154327120226604,40,智慧分屏研讨主机,海康,,DS-D51S5/8S2（套装）,30,套,10600,318000,海康
JHCG2022G-025,8815029,2,11N47154327120226604,41,电源管理器,奥威亚,,RY-8,5,台,9500,47500,奥威亚
JHCG2022G-025,8815029,2,11N47154327120226604,42,主屏交互系统,爱普生,,CB-1485Fi（套装）,10,套,33000,330000,爱普生
JHCG2022G-025,8815029,2,11N47154327120226604,43,机柜,大唐卫士,,定制,5,个,1000,5000,大唐卫士
JHCG2022G-025,8815029,2,11N47154327120226604,44,可视对讲系统,升维,,T517X,5,套,5000,25000,升维
JHCG2022G-025,8815029,2,11N47154327120226604,45,多媒体工作站,惠普,,Z1 G6,5,套,8000,40000,惠普
JHCG2022G-025,8815029,2,11N47154327120226604,46,电子班牌,致善,,ZSBP215II HT005,5,台,4500,22500,致善
JHCG2022G-025,8815029,2,11N47154327120226604,47,物联网关,信锐,,SI-ZGW-M2,5,套,3200,16000,信锐
JHCG2022G-025,8815029,2,11N47154327120226604,48,多媒体红外网关,信锐,,SI-IRC-M2-Z,5,套,960,4800,信锐
JHCG2022G-025,8815029,2,11N47154327120226604,49,智能照明模组,信锐,,SI-EWA-SW-T3-N-L,5,套,1200,6000,信锐
JHCG2022G-025,8815029,2,11N47154327120226604,50,智能用电模块,信锐,,SSO-101A-L,5,套,5000,25000,信锐
JHCG2022G-025,8815029,2,11N47154327120226604,51,红外人体感应器,信锐,,SI-LMD-Z,5,套,600,3000,信锐
JHCG2022G-025,8815029,2,11N47154327120226604,52,交互情景面板,信锐,,SI-PAD-HMI-5,5,个,3500,17500,信锐
JHCG2022G-025,8815029,2,11N47154327120226604,53,温湿度光照度传感器,信锐,,SI-MA-TH-M2-Z,5,个,600,3000,信锐
JHCG2022G-025,8815029,2,11N47154327120226604,54,空气质量传感器,信锐,,SI-ENV-M6-Z,5,个,2800,14000,信锐
JHCG2022G-025,8815029,2,11N47154327120226604,55,烟雾火灾探测器,信锐,,JTY-GD-T12,5,个,1200,6000,信锐
JHCG2022G-025,8815029,2,11N47154327120226604,56,环境数据采集器,信锐,,SH-1000-GL,5,个,2200,11000,信锐
JHCG2022G-025,8815029,2,11N47154327120226604,57,机柜,大唐卫士,,定制,5,个,1000,5000,大唐卫士
JHCG2022G-025,8815029,2,11N47154327120226604,58,智慧微课 PC 客户端软件与云服务,科大讯飞,,讯飞畅言智慧微课软件V1.0,5,套,10000,50000,科大讯飞
JHCG2022G-025,8815029,2,11N47154327120226604,59,智能云镜摄像机,翰博尔,,PowerCreator Q41S,31,台,6600,204600,翰博尔
JHCG2022G-025,8815029,2,11N47154327120226604,60,智能云镜摄像机,翰博尔,,PowerCreator Q41T,31,套,6600,204600,翰博尔
JHCG2022G-025,8815029,2,11N47154327120226604,61,多功能教学终端,翰博尔,,PowerCreator T3Mini,31,个,11000,341000,翰博尔
JHCG2022G-025,8815029,2,11N47154327120226604,62,拾音器,翰博尔,,PowerCreator HD-PCM07,31,个,1600,49600,翰博尔
JHCG2022G-025,8815029,2,11N47154327120226604,63,智慧微课 PC 客户端软件与云服务,科大讯飞,,讯飞畅言智慧微课软件V1.0,1,套,12000,1200,科大讯飞
JHCG2022G-025,8815029,2,11N47154327120226604,64,投影幕,XY,,定制,1,幅,1000,1000,XY
JHCG2022G-025,8815029,2,11N47154327120226604,65,智能互动模块,锐捷,,RG-SCC1000-SIM,12,台,4000,48000,锐捷
JHCG2022G-025,8815029,2,11N47154327120226604,66,机柜,大唐卫士,,定制,2,个,1000,2000,大唐卫士
JHCG2022G-025,8815029,2,11N47154327120226604,67,空调管控模组,信锐,,SI-IRC 系列+SSO-161A-L,12,套,1400,16800,信锐
JHCG2022G-025,8815029,2,11N47154327120226604,68,核心转写引擎服务,科大讯飞,,讯飞畅言智慧微课软件V1.0,1,套,15800,15800,科大讯飞
JHCG2022G-025,8815029,2,11N47154327120226604,69,核心转写引擎服务,科大讯飞,,讯飞畅言智慧微课软件V1.0,5,套,15800,79000,科大讯飞
JHCG2022G-025,8815029,2,11N47154327120226604,70,学情分析系统,翰博尔,,PowerCreator 学情分析系统V3.0,31,个,2920,90520,翰博尔
JHCG2022G-025,8815029,2,11N47154327120226604,71,综合管理平台,翰博尔,,PowerCreator CMS3.0,1,套,7000,7000,翰博尔
JHCG2022G-025,8815029,2,11N47154327120226604,72,课堂直播系统,翰博尔,,PowerCreator 课堂直播系统V6.0,1,套,9000,9000,翰博尔
JHCG2022G-025,8815029,2,11N47154327120226604,73,录播互动教学系统,翰博尔,,PowerCreator  互动教学系统V2.0,1,套,4500,4500,翰博尔
JHCG2022G-025,8815029,2,11N47154327120226604,74,多功能教学系统,翰博尔,,PowerCreator 多功能教学系统V1.0,1,套,2000,2000,翰博尔
JHCG2022G-025,8815029,2,11N47154327120226604,75,移动端应用,翰博尔,,PowerCreator 智慧课堂APPV3.0,1,套,2000,2000,翰博尔
JHCG2022G-025,8815029,2,11N47154327120226604,76,单点登入应用,翰博尔,,PowerCreator 智慧课堂云平台V3.0单点登录,1,套,30000,30000,翰博尔
JHCG2022G-025,8815029,2,11N47154327120226604,77,课表对接应用,翰博尔,,PowerCreator 智慧课堂云平台V3.0课表对接,1,套,66000,66000,翰博尔
JHCG2022G-025,8815029,2,11N47154327120226604,78,核心转写引擎服务,科大讯飞,,讯飞畅言智慧微课软件V1.0,1,套,16500,16500,科大讯飞
JHCG2022G-025,8815029,2,11N47154327120226604,79,智慧教室系统集成费用,国产,国产,定制,31,间,1580,48980,
JHCG2022G-025,8815029,3,11N47154327120226805,1,智能互动模块,锐捷,,RG-SCC1000-SIM,9,,3990,35910,锐捷
JHCG2022G-025,8815029,3,11N47154327120226805,2,教学智能屏,锐捷,,RG-IIB-CF8600H,1,,17740,17740,锐捷
JHCG2022G-025,8815029,3,11N47154327120226805,3,OPS,锐捷,,RG-OPS-X512,1,,3900,3900,锐捷
JHCG2022G-025,8815029,3,11N47154327120226805,4,教学智能侧屏,锐捷,,RG-IIB-K55H,20,,5900,118000,锐捷
JHCG2022G-025,8815029,3,11N47154327120226805,5,智慧分屏研讨主机,锐捷,,RG-ShareBox100,20,,10999,219980,锐捷
JHCG2022G-025,8815029,3,11N47154327120226805,6,智慧教室管理平台授权,锐捷,,RG-SCP-Base-License,200,,459,91800,锐捷
JHCG2022G-025,8815029,3,11N47154327120226805,7,服务器,戴尔,,PowerEdge R740xd,1,,44900,44900,戴尔
JHCG2022G-025,8815029,3,11N47154327120226805,8,投影仪,爱普生,,CB-L520W,21,,16000,336000,爱普生
JHCG2022G-025,8815029,3,11N47154327120226805,9,网线（含人工）,劳兰,,LR-ZP6EX-004,40,,1800,72000,劳兰
JHCG2022G-025,8815029,3,11N47154327120226805,10,模块（含面板）,劳兰,,LR-N10C6E-SY（LR-M1086-01）,150,,50,7500,劳兰
JHCG2022G-025,8815029,3,11N47154327120226805,11,6类跳线,国产,国产,国产 5米,504,,30,15120,
JHCG2022G-025,8815029,3,11N47154327120226805,12,HDMI线,秋叶原,,10米,440,,246,108240,秋叶原
JHCG2022G-025,8815029,3,11N47154327120226805,13,HDMI线,秋叶原,,5米,144,,160,23040,秋叶原
JHCG2022G-025,8815029,3,11N47154327120226805,14,USBA-B线,国产,国产,国产定制,150,,67,10050,
JHCG2022G-025,8815029,3,11N47154327120226805,15,音箱线,国产,国产,国产定制,3000,,50,15000,
JHCG2022G-025,8815029,3,11N47154327120226805,16,USB公对公线,国产,国产,国产定制,300,,89,26700,
JHCG2022G-025,8815029,3,11N47154327120226805,17,音视频集成面板,国产,国产,国产定制,144,,100,14400,
JHCG2022G-025,8815029,3,11N47154327120226805,18,多媒体面板插座,国产,国产,国产定制,580,,80,46400,
JHCG2022G-025,8815029,3,11N47154327120226805,19,RS232线,国产,国产,国产 10米,144,,55,7920,
JHCG2022G-025,8815029,3,11N47154327120226805,20,无线键盘鼠标,罗技,,MK345,144,,300,43200,罗技
JHCG2022G-025,8815029,3,11N47154327120226805,21,配线架,劳兰,,LR-PY06E-24,30,,600,18000,劳兰
JHCG2022G-025,8815029,3,11N47154327120226805,22,理线架,劳兰,,LR-PL5011S,30,,340,10200,劳兰
JHCG2022G-025,8815029,3,11N47154327120226805,23,线缆专用线槽,国产,国产,国产定制,1500,,10,15000,
JHCG2022G-025,8815029,3,11N47154327120226805,24,开放式支架,国产,国产,国产定制,20,,400,8000,
JHCG2022G-025,8815029,4,11N47154327120226804,1,智能控制中心主机,锐捷,,RG-SCC1000,5,个,3750,18750,锐捷
JHCG2022G-025,8815029,4,11N47154327120226804,2,智能互动模块,锐捷,,RG-SCC1000-SIM,5,个,3880,19400,锐捷
JHCG2022G-025,8815029,4,11N47154327120226804,3,控制器,锐捷,,RG-TPad100,5,个,3495,17475,锐捷
JHCG2022G-025,8815029,4,11N47154327120226804,4,交换机,锐捷,,RG-SF2900-8GT2SFP-P-S,5,台,1750,8750,锐捷
JHCG2022G-025,8815029,4,11N47154327120226804,5,立式机柜,锐捷,,定制,5,个,980,4900,锐捷
JHCG2022G-025,8815029,4,11N47154327120226804,6,教学智能屏,华为,,IHB2-86SU,10,块,17860,178600,华为
JHCG2022G-025,8815029,4,11N47154327120226804,7,OPS,新兆电,,S092,10,个,3920,39200,新兆电
JHCG2022G-025,8815029,4,11N47154327120226804,8,教学智能侧屏,锐捷,,RG-IIB-K55H,20,块,5850,117000,锐捷
JHCG2022G-025,8815029,4,11N47154327120226804,9,智慧分屏研讨主机,锐捷,,RG-ShareBox100,20,个,10800,216000,锐捷
JHCG2022G-025,8815029,4,11N47154327120226804,10,智能多合一网关,信锐,,SI-ZGW-M2,5,个,2522,12610,信锐
JHCG2022G-025,8815029,4,11N47154327120226804,11,温湿度控制器,信锐,,WS-TH-01-L,5,个,485,2425,信锐
JHCG2022G-025,8815029,4,11N47154327120226804,12,空调控制红外网关,信锐,,SI-IRC-M2-Z,5,个,485,2425,信锐
JHCG2022G-025,8815029,4,11N47154327120226804,13,人体红外感应器,信锐,,SI-LMD-Z,5,个,485,2425,信锐
JHCG2022G-025,8815029,4,11N47154327120226804,14,物联网智能空开控制器,曼顿,,定制,20,个,390,7800,曼顿
JHCG2022G-025,8815029,4,11N47154327120226804,15,物联网电源,曼顿,,SI-MCB-ACC_PWR-25,5,个,295,1475,曼顿
JHCG2022G-025,8815029,4,11N47154327120226804,16,lora通讯模组,信锐,,SI-EWA-MCBC-M0-L,5,个,1560,7800,信锐
JHCG2022G-025,8815029,4,11N47154327120226804,17,开放式支架,国产,国产,定制,20,个,390,7800,
JHCG2022G-025,8815029,4,11N47154327120226804,18,智能云镜摄像机,翰博尔,,PowerCreator Q41S,11,台,6900,75900,翰博尔
JHCG2022G-025,8815029,4,11N47154327120226804,19,智能云镜摄像机,翰博尔,,PowerCreator Q41T,11,套,6900,75900,翰博尔
JHCG2022G-025,8815029,4,11N47154327120226804,20,多功能教学终端,翰博尔,,PowerCreator T3Mini,11,个,11850,130350,翰博尔
JHCG2022G-025,8815029,4,11N47154327120226804,21,拾音器,翰博尔,,PowerCreator HD-PCM07,11,个,1650,18150,翰博尔
JHCG2022G-025,8815029,4,11N47154327120226804,22,智慧微课PC客户端软件与云服务,科大讯飞,,畅言智慧微课软件V1.0,5,套,12700,63500,科大讯飞
JHCG2022G-025,8815029,4,11N47154327120226804,23,互动教学系统-教室,锐捷,,RG-UClass-ClassRoom-License,5,项,3920,19600,锐捷
JHCG2022G-025,8815029,4,11N47154327120226804,24,物联网设备授权,信锐,,网科传感器管理平台软件V3.0,45,个,125,5625,信锐
JHCG2022G-025,8815029,4,11N47154327120226804,25,学情分析系统,翰博尔,,PowerCreator 学情分析系统V3.0,11,个,2910,32010,翰博尔
JHCG2022G-025,8815029,4,11N47154327120226804,26,核心转写引擎服务,科大讯飞,,畅言智慧微课软件V1.0,5,套,17286,86430,科大讯飞
JHCG2022G-025,8815029,4,11N47154327120226804,27,智慧教室系统集成费用,国产,国产,定制,5,间,1570,7850,
JHCG2022G-025,8815029,5,11N47154327120226802,1,智能控制中心主机,锐捷,,RG-SCC1000,60,个,3790,227400,锐捷
JHCG2022G-025,8815029,5,11N47154327120226802,2,智能互动模块,锐捷,,RG-SCC1000-SIM,60,个,3980,238800,锐捷
JHCG2022G-025,8815029,5,11N47154327120226802,3,控制器,锐捷,,RG-TPad100,60,个,3500,210000,锐捷
JHCG2022G-025,8815029,5,11N47154327120226802,4,立式机柜,国产,国产,定制,60,个,990,59400,
JHCG2022G-025,8815029,5,11N47154327120226802,5,教学智能屏,希沃,,FF86EA,60,块,15600,936000,希沃
JHCG2022G-025,8815029,5,11N47154327120226802,6,OPS,希沃,,MT61A,60,个,3980,238800,希沃
JHCG2022G-025,8815029,5,11N47154327120226802,7,智能多合一网关,信锐,,SI-ZGW-M2,60,个,2590,155400,信锐
JHCG2022G-025,8815029,5,11N47154327120226802,8,温湿度控制器,信锐,,WS-TH-01-L,60,个,500,30000,信锐
JHCG2022G-025,8815029,5,11N47154327120226802,9,激光投影仪,爱普生,,CB-800F,9,台,19550,175950,爱普生
JHCG2022G-025,8815029,5,11N47154327120226802,10,白板一体机,云教智能,,YJZN-TBI100Y,9,台,14600,131400,云教智能
JHCG2022G-025,8815029,5,11N47154327120226802,11,空调控制红外网关,信锐,,SI-IRC-M2-Z,60,个,495,29700,信锐
JHCG2022G-025,8815029,5,11N47154327120226802,12,人体红外感应器,信锐,,SI-LMD-Z,60,个,495,29700,信锐
JHCG2022G-025,8815029,5,11N47154327120226802,13,物联网智能空开控制器,曼顿,,定制,228,个,395,90060,曼顿
JHCG2022G-025,8815029,5,11N47154327120226802,14,物联网电源,曼顿,,SI-MCB-ACC-PWR-25,60,个,298,17880,曼顿
JHCG2022G-025,8815029,5,11N47154327120226802,15,lora 通讯模组,信锐,,SI-EWA-MCBC-M0-L,60,个,1580,94800,信锐
JHCG2022G-025,8815029,5,11N47154327120226802,16,物联网设备授权,信锐,,网科传感器管理平台软件 V3.0,513,个,130,66690,信锐
JHCG2022G-025,8815029,5,11N47154327120226802,17,智慧教室系统集成费用,国产,国产,定制,60,间,1570,94200,
QTSFCG2022-137,8935807,1,11NE9658630X20222001,1,见附件,见附件,见附件,见附件,,,,,
QTFSCG2022-138,8936700,1,11N47234149520221001,1,记忆智慧黑板,希沃,,BV86EE,12,套,22000,264000,希沃
QTFSCG2022-138,8936700,1,11N47234149520221001,2,有线无线一体化展台,海天地,,K6,12,套,1500,18000,海天地
QTFSCG2022-138,8936700,1,11N47234149520221001,3,等声压扩声系统,贝徳,,BD-H0461S,12,套,5500,66000,贝徳
QTFSCG2022-138,8936700,1,11N47234149520221001,4,课件教学演讲笔,罗技,,Spotlight,36,个,600,21600,罗技
QTFSCG2022-138,8936700,1,11N47234149520221001,5,高速试卷扫描仪,柯达,,i3400,1,台,65000,65000,柯达
QTFSCG2022-138,8936700,1,11N47234149520221001,6,数字压感采集设备,WACOM,,CTL-682,36,项,500,18000,WACOM
QTFSCG2022-138,8936700,1,11N47234149520221001,7,人工智能教学设备,好好搭搭,,定制,1,套,49000,49000,好好搭搭
QTFSCG2022-138,8936700,1,11N47234149520221001,8,直播盒子,晓扬,,定制,1,套,20000,20000,晓扬
QTFSCG2022-138,8936700,1,11N47234149520221001,9,微课制作套件系统,大娱号,,DYHVRCOURSEDR3050,1,套,26000,26000,大娱号
QTFSCG2022-138,8936700,1,11N47234149520221001,10,云台摄像机,大娱号,,DYHUV510,1,套,5000,5000,大娱号
QTFSCG2022-138,8936700,1,11N47234149520221001,11,动态教学摄像机,汇博士,,X20,1,套,700,700,汇博士
QTFSCG2022-138,8936700,1,11N47234149520221001,12,微课摄像头,罗技,,C930C,1,套,15000,1500,罗技
QTFSCG2022-138,8936700,1,11N47234149520221001,13,三脚架,云腾,,定制,1,付,500,500,云腾
QTFSCG2022-138,8936700,1,11N47234149520221001,14,抠像绿幕,国产 定制,,国产 定制,1,套,2000,2000,
QTFSCG2022-138,8936700,1,11N47234149520221001,15,无线领夹麦克风,博雅,,BY-WM8PRO K2,1,套,2500,2500,博雅
QTFSCG2022-138,8936700,1,11N47234149520221001,16,数字声卡,大娱号,,DYHTM8,1,套,2300,2300,大娱号
QTFSCG2022-138,8936700,1,11N47234149520221001,17,led补光灯,大娱号,,DYH-LED9600,2,套,1300,2600,大娱号
QTFSCG2022-138,8936700,1,11N47234149520221001,18,轮廓灯,大娱号,,DYH-LED810W,1,套,2000,2000,大娱号
QTFSCG2022-138,8936700,1,11N47234149520221001,19,高清显示器,戴尔,,E2422H,1,台,1500,1500,戴尔
QTFSCG2022-138,8936700,1,11N47234149520221001,20,挡光板,大娱号,,DYH-D,1,台,200,200,大娱号
QTFSCG2022-138,8936700,1,11N47234149520221001,21,usb信号放大延长线,绿联,,定制,2,根,200,400,绿联
QTFSCG2022-138,8936700,1,11N47234149520221001,22,提示牌灯光,国产定制,,国产定制,1,块,150,150,
QTFSCG2022-138,8936700,1,11N47234149520221001,23,多功能计时器,国产定制,,国产定制,1,个,550,550,
QTFSCG2022-138,8936700,1,11N47234149520221001,24,系统集成、附件,国产定制,,国产定制,12,项,2400,28800,
QTFSCG2022-138,8936700,1,11N47234149520221001,25,教室装修,国产定制,,国产定制,12,项,20000,240000,
TZFD(2022)-1038号,8778970,1,11N47258268620227017,1,触控交互一体机,希沃,广东广州,FV86EB,7,,22000,154000,希沃
TZFD(2022)-1038号,8778970,1,11N47258268620227017,2,组合式白板,蓝贝斯特,山东济南,Cy100-29,7,,2580,18060,蓝贝斯特
TZFD(2022)-1038号,8778970,1,11N47258268620227017,3,红外无线扩声一体机（主箱）,迈致,广东广州,IR-PAS8,7,,2860,20020,迈致
TZFD(2022)-1038号,8778970,1,11N47258268620227017,4,二分频音箱,迈致,广东广州,SP-26,7,,970,6790,迈致
TZFD(2022)-1038号,8778970,1,11N47258268620227017,5,红外线颈挂式水滴形话筒,迈致,广东广州,IR-500PT,7,,780,5460,迈致
TZFD(2022)-1038号,8778970,1,11N47258268620227017,6,红外线手持话筒,迈致,广东广州,IR-600H,7,,960,6720,迈致
TZFD(2022)-1038号,8778970,1,11N47258268620227017,7,双路座充,迈致,广东广州,CHG-500,7,,680,4760,迈致
TZFD(2022)-1038号,8778970,1,11N47258268620227017,8,红外无线音频传输器,迈致,广东广州,IR-100AT,7,,580,4060,迈致
TZFD(2022)-1038号,8778970,1,11N47258268620227017,9,智能物联网络高清混合中央控制器,控捷,广东广州,KJ-3000,7,,3300,23100,控捷
TZFD(2022)-1038号,8778970,1,11N47258268620227017,10,智能物联网络多媒体控制系统嵌入式软件,控捷,广东广州,V1.0,7,,220,1540,控捷
TZFD(2022)-1038号,8778970,1,11N47258268620227017,11,液晶电容触摸屏,控捷,广东广州,KJ-LP70,7,,1200,8400,控捷
TZFD(2022)-1038号,8778970,1,11N47258268620227017,12,智能物联网电源控制器,控捷,广东广州,KJ-DY100,2,,1200,2400,控捷
TZFD(2022)-1038号,8778970,1,11N47258268620227017,13,智能灯光控制器,控捷,广东广州,KJ,14,,2560,35840,控捷
TZFD(2022)-1038号,8778970,1,11N47258268620227017,14,360度全向红外转发器,控捷,广东广州,KJ,7,,1500,10500,控捷
TZFD(2022)-1038号,8778970,1,11N47258268620227017,15,HDMI8*8高清矩阵,控捷,广东广州,CONJAVE HDMI8*8,7,,2600,18200,控捷
TZFD(2022)-1038号,8778970,1,11N47258268620227017,16,无线投屏器,控捷,广东广州,/,12,,1500,18000,控捷
TZFD(2022)-1038号,8778970,1,11N47258268620227017,17,研讨型互动教学软件系统,控捷,广东广州,KJ-1000,2,,18000,36000,控捷
TZFD(2022)-1038号,8778970,1,11N47258268620227017,18,教师升降讲台,富可士,广东广州,S700SJ,7,,2400,16800,富可士
TZFD(2022)-1038号,8778970,1,11N47258268620227017,19,拼接式翻转学员桌,定制、中国,定制、中国,定制,350,,355,124250,
TZFD(2022)-1038号,8778970,1,11N47258268620227017,20,工艺学生座椅,定制、中国,定制、中国,定制,350,,210,73500,
TZFD(2022)-1038号,8778970,1,11N47258268620227017,21,吸顶空调,美的,广东佛山,RFD-120,7,,9000,63000,美的
TZFD(2022)-1038号,8778970,1,11N47258268620227017,22,交换机,H3C,,S5016PV5-EI,7,,1750,12250,H3C
TZFD(2022)-1038号,8778970,1,11N47258268620227017,23,机柜,腾图,,24U,7,,1200,8400,腾图
TZFD(2022)-1038号,8778970,1,11N47258268620227017,24,无线AP,H3C,,WAP822,2,,1500,3000,H3C
TZFD(2022)-1038号,8778970,1,11N47258268620227017,25,网络摄像机,宇视,浙江杭州,IPC-E368-IR,14,,1680,23520,宇视
TZFD(2022)-1038号,8778970,1,11N47258268620227017,26,显示器+无线键鼠,罗技,中国/、中国,21.5,7,,980,6860,罗技
TZFD(2022)-1038号,8778970,1,11N47258268620227017,27,大屏显示终端,海信,山东青岛,55H55E,22,,3300,72600,海信
TZFD(2022)-1038号,8778970,1,11N47258268620227017,28,移动支架,定制、中国,定制、中国,定制,12,,580,6960,
TZFD(2022)-1038号,8778970,1,11N47258268620227017,29,教务系统对接,定制、中国,定制、中国,定制,1,,20000,20000,
TZFD(2022)-1038号,8778970,1,11N47258268620227017,30,巡课系统对接,定制、中国,定制、中国,定制,1,,15000,15000,
TZFD(2022)-1038号,8778970,1,11N47258268620227017,31,吊顶,/、中国,/、中国,定制,690,,100,69000,
TZFD(2022)-1038号,8778970,1,11N47258268620227017,32,塑胶地胶,/、中国,/、中国,定制,690,,135,93150,
TZFD(2022)-1038号,8778970,1,11N47258268620227017,33,窗户包边,/、中国,/、中国,定制,7,,1000,7000,
TZFD(2022)-1038号,8778970,1,11N47258268620227017,34,窗帘制作,/、中国,/、中国,定制,7,,700,4900,
TZFD(2022)-1038号,8778970,1,11N47258268620227017,35,教室大门,/、中国,/、中国,定制,6,,4500,27000,
TZFD(2022)-1038号,8778970,1,11N47258268620227017,36,智能门锁,/、中国,/、中国,定制,6,,980,5880,
TZFD(2022)-1038号,8778970,1,11N47258268620227017,37,墙、梁、顶面基层处理,/、中国,/、中国,定制,690,,50,34500,
TZFD(2022)-1038号,8778970,1,11N47258268620227017,38,乳胶漆,/、中国,/、中国,定制,945,,50,47250,
TZFD(2022)-1038号,8778970,1,11N47258268620227017,39,布线,/、中国,/、中国,定制,7,,3000,21000,
TZFD(2022)-1038号,8778970,1,11N47258268620227017,40,灯光,/、中国,/、中国,定制,140,,160,22400,
TZFD(2022)-1038号,8778970,1,11N47258268620227017,41,移动插座,公牛,浙江,定制,28,,80,2240,公牛
TZFD(2022)-1038号,8778970,1,11N47258268620227017,42,移动电力轨道,公牛,浙江,定制,56,,325,18200,公牛
TZFD(2022)-1038号,8778970,1,11N47258268620227017,43,信息系统集成服务,定制,定制,定制,1,,7000,7000,
HZJZCG-2022(006),8813399,1,11N4712522982022801,1,,HZ-G7C等,,HZ-G7C等,1,,926850,,
ZJFZ-03082-2022,8856903,1,11N47220148420225803,1,互动录播主机,青鹿,,Q-R503GP,1,台,,30000,青鹿
ZJFZ-03082-2022,8856903,1,11N47220148420225803,2,教师端软件,青鹿,,V3.0,1,套,,27000,青鹿
ZJFZ-03082-2022,8856903,1,11N47220148420225803,3,学生端软件,青鹿,,V3.0,1,套,,27000,青鹿
ZJFZ-03082-2022,8856903,1,11N47220148420225803,4,分组主机,青鹿,,Q-G202,4,台,,52000,青鹿
ZJFZ-03082-2022,8856903,1,11N47220148420225803,5,分组摄像机,青鹿,,QX-E801G,4,台,,12000,青鹿
ZJFZ-03082-2022,8856903,1,11N47220148420225803,6,录播系统软件,AVA,,V1.0,1,套,,20500,AVA
ZJFZ-03082-2022,8856903,1,11N47220148420225803,7,导播系统软件,AVA,,V1. 0,1,套,,18000,AVA
ZJFZ-03082-2022,8856903,1,11N47220148420225803,8,高清摄像机,AVA,,AX-C22P,4,台,,16000,AVA
ZJFZ-03082-2022,8856903,1,11N47220148420225803,9,高清摄像机管理软件,AVA,,V1.0,4,套,,16000,AVA
ZJFZ-03082-2022,8856903,1,11N47220148420225803,10,教师定位分析仪,AVA,,ITS-T100,1,个,,3800,AVA
ZJFZ-03082-2022,8856903,1,11N47220148420225803,11,教师定位分析软件,AVA,,v1.0,1,套,,4000,AVA
ZJFZ-03082-2022,8856903,1,11N47220148420225803,12,学生定位分析仪,AVA,,ITS-S100,1,个,,3800,AVA
ZJFZ-03082-2022,8856903,1,11N47220148420225803,13,学生定位分析软件,AVA,,V1. 0,1,套,,4000,AVA
ZJFZ-03082-2022,8856903,1,11N47220148420225803,14,数字音频处理器,艾力特,,OS-708LD,1,台,,7000,艾力特
ZJFZ-03082-2022,8856903,1,11N47220148420225803,15,指向性话筒,艾力特,,MS-D040,6,支,,4500,艾力特
ZJFZ-03082-2022,8856903,1,11N47220148420225803,16,无线话筒,AVA,,GTS-968,1,套,,2500,AVA
ZJFZ-03082-2022,8856903,1,11N47220148420225803,17,电源管理器,AVA,,RY-8,1,台,,2200,AVA
ZJFZ-03082-2022,8856903,1,11N47220148420225803,18,双屏教学一体机,鸿合,,HD-86B0,2,套,,34000,鸿合
ZJFZ-03082-2022,8856903,1,11N47220148420225803,19,内置电脑模块,鸿合,,HO-594CH,1,台,,4500,鸿合
ZJFZ-03082-2022,8856903,1,11N47220148420225803,20,双拼教学系统,鸿合,,爱课堂,1,套,,23000,鸿合
ZJFZ-03082-2022,8856903,1,11N47220148420225803,21,液晶手写板,国产,国产,定制,2,台,,3600,
ZJFZ-03082-2022,8856903,1,11N47220148420225803,22,互动分组教学显示屏,鸿合,,HD-556S,4,台,,33200,鸿合
ZJFZ-03082-2022,8856903,1,11N47220148420225803,23,多媒体讲台,国产,国产,定制,1,套,,3000,
ZJFZ-03082-2022,8856903,1,11N47220148420225803,24,功放音响,国产,国产,国产,1,,,3500,
ZJFZ-03082-2022,8856903,1,11N47220148420225803,25,学生桌椅,国产,国产,定制,48,位,,32160,
ZJFZ-03082-2022,8856903,1,11N47220148420225803,26,智慧物联管控网关,青鹿,,QX-CG100,1,台,,3200,青鹿
ZJFZ-03082-2022,8856903,1,11N47220148420225803,27,智慧物联管控系统软件,青鹿,,V1. 0,1,套,,4300,青鹿
ZJFZ-03082-2022,8856903,1,11N47220148420225803,28,智慧物联管控终端,青鹿,,QX-CT107A,1,台,,2600,青鹿
ZJFZ-03082-2022,8856903,1,11N47220148420225803,29,智能照明控制面板,青鹿,,QX-LP103,1,套,,1050,青鹿
ZJFZ-03082-2022,8856903,1,11N47220148420225803,30,智能红外控制器,青鹿,,QX-IC100,1,套,,2450,青鹿
ZJFZ-03082-2022,8856903,1,11N47220148420225803,31,智能窗帘电机,青鹿,,QX-CC100,7,台,,4060,青鹿
ZJFZ-03082-2022,8856903,1,11N47220148420225803,32,窗帘导轨,国产,国产,定制,9,米,,1800,
ZJFZ-03082-2022,8856903,1,11N47220148420225803,33,无线AP,青鹿,,QX-AP105,1,台,,3400,青鹿
ZJFZ-03082-2022,8856903,1,11N47220148420225803,34,交换机,睿易,,RG-NBS3100-24 GT4SFP-P,1,台,,3800,睿易
ZJFZ-03082-2022,8856903,1,11N47220148420225803,35,机柜,国产,国产,定制,1,个,,2000,
ZJFZ-03082-2022,8856903,1,11N47220148420225803,36,线材等辅件,国产,国产,定制,1,批,,5000,
ZJFZ-03082-2022,8856903,1,11N47220148420225803,37,高清移动录播主机,AVA,,AE-V6,1,台,,67000,AVA
ZJFZ-03082-2022,8856903,1,11N47220148420225803,38,录播软件系统,AVA,,录播软件系统,1,套,,20500,AVA
ZJFZ-03082-2022,8856903,1,11N47220148420225803,39,高清摄像机,AVA,,AX-C22P,3,台,,12000,AVA
ZJFZ-03082-2022,8856903,1,11N47220148420225803,40,数字无线音频套装,AVA,,AWM-U8,1,套,,4600,AVA
ZJFZ-03082-2022,8856903,1,11N47220148420225803,41,无线网卡,AVA,,AWN-GI,3,个,,660,AVA
ZJFZ-03082-2022,8856903,1,11N47220148420225803,42,摄像机三脚架,佳鑫悦,,X-526+BT-60,3,支,,1560,佳鑫悦
ZJFZ-03082-2022,8856903,1,11N47220148420225803,43,移动电源,国产,国产,配套,3,个,,1170,
ZJFZ-03082-2022,8856903,1,11N47220148420225803,44,设备箱/线材箱,AVA,,AT-6-4226F,1,个,,650,AVA
ZJFZ-03082-2022,8856903,1,11N47220148420225803,45,线材,国产,国产,定制,1,批,,500,
ZJFZ-03082-2022,8856903,1,11N47220148420225803,46,移动示教推车,三瀚,,MTC-100,1,台,,18500,三瀚
ZJFZ-03082-2022,8856903,1,11N47220148420225803,47,高清摄像机,AVA,,AX-C22P,2,台,,8000,AVA
ZJFZ-03082-2022,8856903,1,11N47220148420225803,48,显示器,联想,,L24e,1,台,,1000,联想
ZJFZ-03082-2022,8856903,1,11N47220148420225803,49,课程教学系统（云服务 授权）,青鹿,,V1.0,1,套,,37000,青鹿
ZJFZ-03082-2022,8856903,1,11N47220148420225803,50,教学视频资源管理系统,AVA,,V1.0,1,套,,34000,AVA
ZJFZ-03082-2022,8856903,1,11N47220148420225803,51,平台服务器,DELL,,R740,1,台,,23000,戴尔
ZJFZ-03082-2022,8856903,1,11N47220148420225803,52,吊顶,定制,定制,国产,122. 6M^2,,,30650,
ZJFZ-03082-2022,8856903,1,11N47220148420225803,53,吸音板,定制,定制,国产,128.8M^2,,,30912,
ZJFZ-03082-2022,8856903,1,11N47220148420225803,54,地胶,定制,定制,国产,122.6M^2,,,22068,
ZJFZ-03082-2022,8856903,1,11N47220148420225803,55,教室前侧造型,定制,定制,国产,23.5M^2,,,6815,
ZJFZ-03082-2022,8856903,1,11N47220148420225803,56,窗帘盒,定制,定制,国产,29.2M^2,,,5840,
ZJFZ-03082-2022,8856903,1,11N47220148420225803,57,强电布线,定制,定制,国产,122.6M^2,,,11034,
ZJFZ-03082-2022,8856903,1,11N47220148420225803,58,灯具,定制,定制,国产,12,盏,,4200,
ZJFZ-03082-2022,8856903,1,11N47220148420225803,59,灯光膜,定制,定制,国产,4M^2,,,2000,
NBITC-202220176G-1,8893265,1,11N41956735620222801,1,交互智能平板,希沃,广州,FF86EA,2,台,29500,,希沃
NBITC-202220176G-1,8893265,1,11N41956735620222801,2,交互智慧黑板,希沃,广州,BV98EV,1,台,62000,,希沃
NBITC-202220176G-1,8893265,1,11N41956735620222801,3,系统集成费,联通,中国,定制,1,项,80000,,联通
NBITC-202220176G-1,8893265,1,11N41956735620222801,4,教师高清云台摄像机,翰博尔,北京,PowerCreator 高清摄像机 HD600F,3,台,6000,,翰博尔
NBITC-202220176G-1,8893265,1,11N41956735620222801,5,学生高清云台摄像机,翰博尔,北京,PowerCreator 高清 摄像机 HD600F,2,台,6000,,翰博尔
NBITC-202220176G-1,8893265,1,11N41956735620222801,6,多功能教学终端,翰博尔,北京,PowerCreator 多功能教学终端 T3,1,套,20000,,翰博尔
NBITC-202220176G-1,8893265,1,11N41956735620222801,7,图像定位系统,翰博尔,北京,PowerCreator 图像定位主机 AT2016,1,台,10000,,翰博尔
NBITC-202220176G-1,8893265,1,11N41956735620222801,8,吊麦,翰博尔,北京,PowerCreator 麦克 HD-PCM06,1,套,4500,,翰博尔
NBITC-202220176G-1,8893265,1,11N41956735620222801,9,多功能控制屏,翰博尔,北京,PowerCreator 多功能触摸控制器 C3,1,台,4000,,翰博尔
NBITC-202220176G-1,8893265,1,11N41956735620222801,10,电源时序控制器,翰博尔,北京,PowerCreator 时序电源控制器,1,台,1500,,翰博尔